"ChainID,Resname,PV/BB,NB"
"A232,MET,1.7233333333333334"
"A233,GLU,2.563333333333333"
"A234,GLU,1.54"
"A235,PRO,0.2833333333333333"
"A236,LEU,0.11666666666666668"
"A237,TYR,0.6966666666666667"
"A238,VAL,0.18999999999999997"
"A239,ASN,0.20666666666666667"
"A240,ALA,0.02666666666666667"
"A241,LYS,0.61"
"A242,GLN,0.0"
"A243,TYR,0.06666666666666667"
"A244,HIS,0.59"
"A245,ARG,0.10000000000000002"
"A246,ILE,0.03"
"A247,LEU,0.13333333333333333"
"A248,LYS,1.0933333333333333"
"A249,ARG,0.4366666666666667"
"A250,ARG,0.73"
"A251,GLN,0.26666666666666666"
"A252,ALA,0.14"
"A253,ARG,0.6233333333333334"
"A254,ALA,0.06666666666666667"
"A255,LYS,0.9700000000000001"
"A256,LEU,0.13666666666666666"
"A257,GLU,0.47"
"A258,ALA,0.11333333333333333"
"A259,GLU,0.5066666666666667"
"A260,GLY,0.0"
"A261,LYS,0.8633333333333333"
"A262,ILE,0.060000000000000005"
"A263,PRO,0.15333333333333335"
"A264,LYS,2.0166666666666666"
"A265,GLU,2.1799999999999997"
"A266,ARG,0.92"
"A267,ARG,1.2933333333333332"
"A268,LYS,1.5766666666666669"
"A269,TYR,0.49333333333333335"
"A270,LEU,0.29"
"A271,HIS,0.29333333333333333"
"A272,GLU,0.82"
"A273,SER,0.48333333333333334"
"A274,ARG,0.5"
"A275,HIS,0.26333333333333336"
"A276,ARG,0.75"
"A277,HIS,0.5533333333333333"
"A278,ALA,0.04666666666666667"
"A279,MET,0.82"
"A280,ALA,0.15333333333333335"
"A281,ARG,0.26"
"A282,LYS,1.5933333333333335"
"A283,ARG,0.3566666666666667"
"A284,GLY,0.043333333333333335"
"A285,GLU,0.98"
"A286,GLY,0.04"
"A287,GLY,0.07"
"A288,ARG,0.22333333333333336"
"A289,PHE,0.013333333333333334"
"A290,PHE,0.18666666666666668"
"A291,SER,0.18333333333333335"
"A292,PRO,0.54"
"A293,LYS,2.5133333333333336"
"B50,PHE,0.26"
"B51,ARG,1.0866666666666667"
"B52,GLU,0.08666666666666667"
"B53,GLN,0.6566666666666666"
"B54,ASP,0.22666666666666668"
"B55,ILE,0.02333333333333333"
"B56,TYR,0.12"
"B57,LEU,0.07"
"B58,PRO,0.08"
"B59,ILE,0.23666666666666666"
"B60,ALA,0.05000000000000001"
"B61,ASN,0.043333333333333335"
"B62,VAL,0.03"
"B63,ALA,0.02"
"B64,ARG,0.37999999999999995"
"B65,ILE,0.0033333333333333335"
"B66,MET,0.0"
"B67,LYS,0.37000000000000005"
"B68,ASN,0.2833333333333333"
"B69,ALA,0.0033333333333333335"
"B70,ILE,0.03"
"B71,PRO,0.25"
"B72,GLN,0.89"
"B73,THR,0.17"
"B74,GLY,0.01"
"B75,LYS,0.03"
"B76,ILE,0.0"
"B77,ALA,0.04"
"B78,LYS,1.5633333333333332"
"B79,ASP,0.7466666666666667"
"B80,ALA,0.0"
"B81,LYS,0.11333333333333333"
"B82,GLU,0.44333333333333336"
"B83,CYS,0.02"
"B84,VAL,0.0"
"B85,GLN,0.023333333333333334"
"B86,GLU,0.39999999999999997"
"B87,CYS,0.0"
"B88,VAL,0.0"
"B89,SER,0.0"
"B90,GLU,0.036666666666666674"
"B91,PHE,0.10000000000000002"
"B92,ILE,0.0"
"B93,SER,0.10333333333333335"
"B94,PHE,0.02666666666666667"
"B95,ILE,0.02"
"B96,THR,0.01"
"B97,SER,0.37999999999999995"
"B98,GLU,0.03"
"B99,ALA,0.0"
"B100,SER,0.03333333333333333"
"B101,GLU,0.5966666666666667"
"B102,ARG,0.7866666666666666"
"B103,CYS,0.02666666666666667"
"B104,HIS,0.5966666666666667"
"B105,GLN,0.25333333333333335"
"B106,GLU,0.7666666666666666"
"B107,LYS,1.0766666666666669"
"B108,ARG,1.3633333333333333"
"B109,LYS,3.4466666666666668"
"B110,THR,0.30333333333333334"
"B111,ILE,0.006666666666666667"
"B112,ASN,0.7066666666666667"
"B113,GLY,0.0"
"B114,GLU,1.4566666666666668"
"B115,ASP,0.09666666666666668"
"B116,ILE,0.03"
"B117,LEU,0.04666666666666667"
"B118,PHE,0.06"
"B119,ALA,0.0"
"B120,MET,0.02"
"B121,SER,0.11333333333333333"
"B122,THR,0.06333333333333334"
"B123,LEU,0.05333333333333334"
"B124,GLY,0.11"
"B125,PHE,0.18333333333333335"
"B126,ASP,0.8799999999999999"
"B127,SER,0.29"
"B128,TYR,0.08666666666666667"
"B129,VAL,0.06333333333333334"
"B130,GLU,1.1433333333333333"
"B131,PRO,0.016666666666666666"
"B132,LEU,0.0"
"B133,LYS,0.4633333333333333"
"B134,LEU,0.02"
"B135,TYR,0.3833333333333333"
"B136,LEU,0.09333333333333334"
"B137,GLN,0.06333333333333334"
"B138,LYS,0.6833333333333332"
"B139,PHE,0.33666666666666667"
"B140,ARG,0.9533333333333335"
"B141,GLU,2.9500000000000006"
"C40,VAL,3.453333333333333"
"C41,GLN,0.7833333333333333"
"C42,GLU,0.49333333333333335"
"C43,LEU,0.3833333333333333"
"C44,PRO,0.37666666666666665"
"C45,LEU,0.77"
"C46,ALA,0.08333333333333333"
"C47,ARG,0.8333333333333334"
"C48,ILE,0.05333333333333334"
"C49,LYS,0.36000000000000004"
"C50,LYS,0.37666666666666665"
"C51,ILE,0.03666666666666667"
"C52,MET,0.006666666666666667"
"C53,LYS,0.42333333333333334"
"C54,LEU,0.26666666666666666"
"C55,ASP,1.4666666666666668"
"C56,GLU,2.02"
"C57,ASP,0.9533333333333335"
"C58,VAL,0.10999999999999999"
"C59,LYS,1.1266666666666667"
"C60,MET,0.5833333333333334"
"C61,ILE,0.006666666666666667"
"C62,SER,0.13"
"C63,ALA,0.12333333333333334"
"C64,GLU,0.6033333333333334"
"C65,ALA,0.0"
"C66,PRO,0.0"
"C67,VAL,0.11666666666666665"
"C68,LEU,0.16333333333333333"
"C69,PHE,0.0"
"C70,ALA,0.0033333333333333335"
"C71,LYS,0.32"
"C72,ALA,0.0"
"C73,ALA,0.0"
"C74,GLN,0.13"
"C75,ILE,0.023333333333333334"
"C76,PHE,0.03333333333333333"
"C77,ILE,0.0"
"C78,THR,0.04"
"C79,GLU,0.16333333333333333"
"C80,LEU,0.0"
"C81,THR,0.0"
"C82,LEU,0.02"
"C83,ARG,0.45999999999999996"
"C84,ALA,0.0"
"C85,TRP,0.18000000000000002"
"C86,ILE,0.21666666666666667"
"C87,HIS,0.3433333333333333"
"C88,THR,0.006666666666666667"
"C89,GLU,1.6600000000000001"
"C90,ASP,1.4933333333333334"
"C91,ASN,0.20333333333333337"
"C92,LYS,1.9633333333333336"
"C93,ARG,0.36999999999999994"
"C94,ARG,1.0733333333333333"
"C95,THR,0.006666666666666667"
"C96,LEU,0.0"
"C97,GLN,0.3033333333333333"
"C98,ARG,1.0633333333333332"
"C99,ASN,0.30000000000000004"
"C100,ASP,0.013333333333333334"
"C101,ILE,0.0"
"C102,ALA,0.01"
"C103,MET,0.07333333333333335"
"C104,ALA,0.016666666666666666"
"C105,ILE,0.01"
"C106,THR,0.3633333333333333"
"C107,LYS,1.1199999999999999"
"C108,PHE,0.6966666666666667"
"C109,ASP,0.7999999999999999"
"C110,GLN,0.08666666666666667"
"C111,PHE,0.06666666666666667"
"C112,ASP,0.3133333333333334"
"C113,PHE,0.19333333333333336"
"C114,LEU,0.0"
"C115,ILE,0.27666666666666667"
"C116,ASP,0.57"
"C117,ILE,0.22"
"C118,VAL,0.31666666666666665"
"C119,PRO,1.6766666666666667"
"I1,DT,3.703333333333333,0.6833333333333332"
"I2,DT,5.8566666666666665,0.4533333333333333"
"I3,DC,5.926666666666667,0.4133333333333334"
"I4,DT,5.146666666666667,0.41333333333333333"
"I5,DG,5.59,1.0833333333333333"
"I6,DA,1.9866666666666666,1.1166666666666667"
"I7,DG,2.6266666666666665,0.86"
"I8,DC,3.27,0.5233333333333333"
"I9,DC,1.9566666666666663,0.16666666666666666"
"I10,DA,1.95,0.4066666666666667"
"I11,DA,3.2600000000000002,0.3866666666666667"
"I12,DT,5.096666666666667,0.7533333333333333"
"I13,DC,4.539999999999999,0.17333333333333334"
"I14,DA,4.71,0.5466666666666666"
"I15,DC,4.066666666666667,0.6366666666666666"
"I16,DC,1.64,0.6699999999999999"
"I17,DG,4.453333333333333,0.9766666666666666"
"I18,DA,5.8933333333333335,1.3033333333333335"
"I19,DG,5.113333333333333,0.87"
"I20,DC,5.010000000000001,0.5733333333333334"
"I21,DT,4.543333333333333,0.64"
"I22,DC,6.39,0.5633333333333334"
"I23,DG,5.55,1.3966666666666665"
"I24,DA,5.923333333333333,1.01"
"I25,DT,2.723333333333333,0.6866666666666666"
"J-25,DA,1.0833333333333333,0.22666666666666668"
"J-24,DT,4.0566666666666675,0.6966666666666668"
"J-23,DC,5.786666666666666,0.7599999999999999"
"J-22,DG,2.25,1.0"
"J-21,DA,2.893333333333333,0.75"
"J-20,DG,5.19,1.4100000000000001"
"J-19,DC,4.03,1.1"
"J-18,DT,4.06,0.9566666666666666"
"J-17,DC,7.3500000000000005,0.5266666666666667"
"J-16,DG,6.556666666666666,0.9666666666666668"
"J-15,DG,5.043333333333333,0.9966666666666667"
"J-14,DT,5.12,0.38000000000000006"
"J-13,DG,4.453333333333333,0.9633333333333334"
"J-12,DA,1.4366666666666668,0.31333333333333335"
"J-11,DT,0.5966666666666667,0.16666666666666666"
"J-10,DT,1.2533333333333334,0.8300000000000001"
"J-9,DG,3.4233333333333333,0.30000000000000004"
"J-8,DG,4.66,0.4633333333333333"
"J-7,DC,3.796666666666667,0.49333333333333335"
"J-6,DT,4.156666666666666,0.5466666666666667"
"J-5,DC,4.59,0.56"
"J-4,DA,4.07,0.6699999999999999"
"J-3,DG,1.2766666666666666,0.8000000000000002"
"J-2,DA,2.106666666666667,0.4633333333333334"
"J-1,DA,2.9033333333333338,0.82"
