"ChainID,Resname,PV/BB,NB"
"B30,G,2.8833333333333333,1.7766666666666666"
"B31,G,7.636666666666667,0.7266666666666666"
"B32,U,5.916666666666667,0.32"
"B33,C,4.716666666666667,0.4666666666666666"
"B34,A,3.84,0.7833333333333333"
"B35,A,4.13,0.6166666666666666"
"B36,U,5.12,0.38999999999999996"
"B37,U,8.256666666666666,0.17333333333333334"
"B38,U,7.076666666666667,0.22"
"B39,G,3.913333333333334,0.15666666666666668"
"B40,A,1.8633333333333333,0.1366666666666667"
"B41,A,6.273333333333333,0.10666666666666667"
"B42,A,4.17,0.89"
"B43,C,4.95,0.63"
"B44,A,4.54,2.7433333333333336"
"B45,A,6.113333333333333,3.02"
"B46,U,9.020000000000001,1.6300000000000001"
"B47,A,1.2866666666666668,0.7300000000000001"
"B48,C,1.24,0.49"
"B49,A,3.15,2.3966666666666665"
"B50,G,1.2866666666666668,0.43"
"B51,A,2.3633333333333333,2.98"
"B52,G,3.046666666666667,1.0266666666666666"
"B53,A,4.083333333333333,0.36999999999999994"
"B54,U,3.543333333333333,1.3"
"B55,G,4.5200000000000005,1.2033333333333334"
"B56,A,3.1199999999999997,0.29"
"B57,U,0.26666666666666666,0.016666666666666666"
"B58,C,4.173333333333333,0.3233333333333333"
"B59,A,8.896666666666667,0.48333333333333334"
"B60,G,6.146666666666667,0.29000000000000004"
"B61,C,3.02,0.23666666666666666"
"B62,A,3.8066666666666666,0.47666666666666674"
"B63,G,6.676666666666667,0.21333333333333335"
"B64,U,4.576666666666667,0.14"
"B65,U,5.153333333333333,0.26333333333333336"
"B66,C,4.366666666666666,0.23666666666666666"
"B67,C,4.316666666666666,0.04"
"B68,C,4.62,0.41999999999999993"
"B69,C,5.6933333333333325,0.32666666666666666"
"B70,U,6.496666666666666,0.27"
"B71,G,3.69,0.52"
"B72,C,9.386666666666667,1.0999999999999999"
"B73,A,7.1433333333333335,0.32"
"B74,U,7.733333333333333,3.3299999999999996"
"B75,A,6.503333333333334,0.12333333333333334"
"B76,A,6.3999999999999995,0.23333333333333336"
"B77,G,8.403333333333334,0.9633333333333334"
"B78,G,10.396666666666667,0.82"
"B79,A,12.326666666666668,0.61"
"B80,U,8.59,0.3333333333333333"
"B81,G,5.6499999999999995,0.19000000000000003"
"B82,A,6.239999999999999,0.31333333333333335"
"B83,A,6.3566666666666665,0.14666666666666667"
"B84,C,5.760000000000001,0.13333333333333333"
"B85,C,4.976666666666667,0.25333333333333335"
"B86,G,4.0633333333333335,0.3033333333333333"
"B87,U,4.739999999999999,0.3133333333333333"
"B88,U,4.2,0.10666666666666667"
"B89,U,3.186666666666666,0.32"
"B90,U,6.513333333333333,1.2866666666666664"
"B91,A,3.9066666666666667,1.2266666666666668"
"B92,C,5.29,0.68"
"B93,A,8.58,0.3933333333333333"
"B94,A,7.52,0.34"
"B95,A,7.666666666666667,0.3333333333333333"
"B96,G,6.416666666666667,1.5366666666666668"
"B97,A,5.890000000000001,0.5499999999999999"
"B98,G,7.353333333333334,1.1"
"B99,A,5.773333333333333,0.5433333333333333"
"B100,C,2.533333333333333,1.2433333333333332"
"C367,G,5.4366666666666665,2.5466666666666664"
"C368,G,6.87,2.9166666666666665"
"C369,U,5.753333333333334,1.18"
"C370,C,4.243333333333333,1.8066666666666666"
"C371,A,3.48,0.9766666666666667"
"C372,A,5.1433333333333335,0.48666666666666664"
"C373,U,4.793333333333333,0.25333333333333335"
"C374,U,4.680000000000001,0.17"
"C375,U,7.146666666666666,0.32666666666666666"
"C376,G,3.8166666666666664,0.24333333333333332"
"C377,A,2.466666666666667,0.15000000000000002"
"C378,A,6.78,0.12333333333333334"
"C379,A,4.803333333333334,0.9433333333333334"
"C380,C,3.6,0.13"
"C381,A,6.3,1.2866666666666668"
"C382,A,7.663333333333333,2.31"
"C383,U,5.636666666666667,0.9966666666666667"
"C384,A,1.2766666666666666,0.21333333333333335"
"C385,C,0.6333333333333333,0.09333333333333334"
"C386,A,1.4466666666666665,0.17333333333333334"
"C387,G,1.58,0.6133333333333333"
"C388,A,1.46,1.4233333333333331"
"C389,G,2.53,0.63"
"C390,A,4.846666666666667,0.6166666666666667"
"C391,U,4.283333333333334,0.6166666666666667"
"C392,G,3.6966666666666668,2.33"
"C393,A,1.38,0.7866666666666666"
"C394,U,1.1633333333333333,0.01"
"C395,C,3.22,0.26"
"C396,A,7.343333333333334,0.7633333333333333"
"C397,G,3.776666666666666,0.5333333333333333"
"C398,C,3.716666666666667,0.75"
"D30,A,8.613333333333333,1.3933333333333333"
"D31,G,7.236666666666667,0.96"
"D32,C,7.153333333333333,1.7533333333333332"
"D33,C,6.073333333333333,0.49666666666666665"
"D34,G,5.97,0.5566666666666666"
"D35,U,4.526666666666666,0.4000000000000001"
"D36,U,4.883333333333334,0.16"
"D37,U,4.146666666666667,1.1233333333333333"
"D38,U,6.176666666666666,2.7600000000000002"
"D39,A,7.093333333333334,0.71"
"D40,C,2.97,0.25666666666666665"
"D41,A,5.016666666666667,0.5333333333333333"
"D42,A,6.336666666666667,0.34333333333333327"
"D43,A,7.033333333333334,0.2833333333333334"
"D44,G,5.836666666666666,0.49"
"D45,A,7.053333333333334,0.5533333333333333"
"D46,G,4.7266666666666675,0.5800000000000001"
"D47,A,3.19,1.4400000000000002"
"D48,C,4.683333333333333,2.033333333333333"
"D49,C,4.663333333333333,1.1500000000000001"
